#	Country	Date	TotalCases	NewCases	TotalDeaths	NewDeaths	TotalRecovered	NewRecovered	ActiveCases	Serious,Critical	Tot Cases/1M pop	Deaths/1M pop	TotalTests	Tests/1M pop	Population	Continent
1	USA	28-02-2022	80,656,025	 +34,828	975,951 	+843	53,500,262	+278,579	26,179,812	7,770	241,322	2,920	950,614,834	2,844,228	334,225,917 	North America
2	India	28-02-2022	42,931,045	+6,915	514,054 	+211	42,324,550	+16,864	92,441	8,944	30,610	367	767,481,346	547,211	1,402,532,051 	Asia
3	Brazil	28-02-2022	28,787,620	+19,516	649,443 	+248	26,336,373	+152,750	1,801,804	8,318	133,853	3,020	63,776,166	296,539	215,068,475 	South America
4	France	28-02-2022	22,702,815	+13,483	138,367 	+232	20,901,504	 +235,191	1,662,944	2,484	346,537	2,112	246,629,975	3,764,574	65,513,384 	Europe
5	UK	28-02-2022	18,886,701	+27,312	161,361 	+46	17,449,650	+98,709	1,275,690	289	275,806	2,356	480,341,745	7,014,519	68,478,212 	Europe
6	Russia	28-02-2022	16,398,036	+106,920	351,660 	+733	13,575,652	+116,742	2,470,724	2,300	112,286	2,408	273,400,000	1,872,111	146,038,387 	Europe
7	Germany	28-02-2022	14,824,148	+95,396	123,446 	+118	11,010,700	+168,400	3,690,002	2,494	175,998	1,466	104,701,826	1,243,064	84,228,855 	Europe
8	Turkey	28-02-2022	14,089,456	+64,275	94,445 	+213	13,366,184	+76,832	628,827	1,128	164,125	1,100	143,811,260	1,675,226	85,845,863 	Asia
9	Italy	28-02-2022	12,783,341	+18,486	154,767 	+207	11,528,135	+40,415	1,100,439	714	211,946	2,566	187,336,379	3,106,009	60,314,170 	Europe
10	Spain	28-02-2022	11,021,444	+14,640	99,764 	+118	9,560,444	+130,770	1,361,236	1,053	235,577	2,132	471,036,328	10,068,137	46,784,854 	Europe
11	Argentina	28-02-2022	8,900,656	+3,478	126,152 	+32	8,682,190	+11,244	92,314	1,136	193,980	2,749	34,257,979	746,615	45,884,404 	South America
12	Iran	28-02-2022	7,051,429	+10,962	136,838 	+207	6,652,188	+18,062	262,403	3,952	82,206	1,595	47,252,235	550,868	85,777,737 	Asia
13	Netherlands	28-02-2022	6,361,626	+28,854	21,554 	+6	4,332,685	+48,536	2,007,387	173	369,908	1,253	21,107,399	1,227,329	17,197,837 	Europe
14	Colombia	28-02-2022	6,064,583	+1,882	138,767 	+74	5,890,563	+2,089	35,253	342	117,115	2,680	33,194,144	641,020	51,783,360 	South America
15	Poland	28-02-2022	5,667,050	+6,560	111,317 	+1	5,057,169	+18,060	498,564	841	150,010	2,947	33,629,931	890,204	37,777,768 	Europe
16	Indonesia	28-02-2022	5,564,448	+25,054	148,335 	+262	4,861,415	+43,992	554,698	2,911	19,993	533	84,648,008	304,133	278,325,882 	Asia
17	Mexico	28-02-2022	5,506,105	+3,519	318,086 	 +72	4,773,131	+8,480	414,888	4,798	41,973	2,425	15,084,437	114,989	131,181,893 	North America
18	Japan	28-02-2022	4,950,649	+63,703	23,446 	+176	4,190,125	+75,700	737,078	1,461	39,343	186	38,792,473	308,284	125,833,425 	Asia
19	Ukraine	28-02-2022	4,809,624		105,505 		4,058,020		646,099	177	111,083	2,437	19,521,252	450,864	43,297,396 	Europe
20	South Africa	28-02-2022	3,674,042	+785	99,412 	+183	3,543,109	+1,379	31,521	546	60,678	1,642	23,085,457	381,262	60,550,116 	Africa
21	Philippines	28-02-2022	3,661,992	+946	56,451 	+50	3,553,364	+1,714	52,177	298	32,696	504	28,203,435	251,811	112,002,351 	Asia
22	Israel	28-02-2022	3,634,510	 +16,065	10,198 	+72	3,547,010	+16,025	77,302	534	389,718	1,094	41,373,364	4,436,346	9,326,000 	Asia
23	Czechia	28-02-2022	3,577,712	+3,326	38,667 	+38	3,449,915	+14,723	89,130	221	333,059	3,600	52,579,250	4,894,747	10,741,976 	Europe
24	Belgium	28-02-2022	3,554,816	+5,559	30,162 	+17	2,977,603	+68,285	547,051	269	304,523	2,584	31,623,639	2,709,037	11,673,387 	Europe
25	Peru	28-02-2022	3,517,260	+996	210,672 	+134	N/A	N/A	N/A	975	104,264	6,245	27,364,060	811,164	33,734,322 	South America
26	Vietnam	28-02-2022	3,458,867	+94,807	40,252 	+108	2,438,951	+27,039	979,664	3,473	35,011	407	79,198,980	801,667	98,792,826 	Asia
27	Malaysia	28-02-2022	3,442,736	+23,100	32,749 	+75	3,116,564	+30,294	293,423	361	104,154	991	49,602,479	1,500,630	33,054,443 	Asia
28	Canada	28-02-2022	3,292,980	+5,925	36,602 	+65	3,145,873	+14,513	110,505	666	85,997	956	58,130,321	1,518,095	38,291,630 	North America
29	Portugal	28-02-2022	3,262,618	+4,209	21,063 	+24	2,785,374	+762	456,181	102	321,525	2,076	37,805,639	3,725,673	10,147,331 	Europe
30	Australia	28-02-2022	3,211,078	+19,114	5,171 	 +12	3,001,687	+20,676	204,220	136	123,545	199	63,499,306	2,443,117	25,991,100 	Australia/Oceania
31	S. Korea	28-02-2022	3,134,456	+139,615	8,058 	+114	969,524		2,156,874	715	61,050	157	15,804,065	307,817	51,342,464 	Asia
32	Chile	28-02-2022	3,062,362	+19,491	42,353 	+153	2,067,063	+30,696	952,946	1,079	157,946	2,184	33,012,243	1,702,656	19,388,672 	South America
33	Thailand	28-02-2022	2,891,927	+22,311	22,936 	+42	2,655,349	+17,470	213,642	 687	41,260	327	17,270,775	246,406	70,090,853 	Asia
34	Switzerland	28-02-2022	2,792,418	+9,005	13,234 	+11	2,171,436	+73,592	607,748	137	318,779	1,511	18,662,771	2,130,521	8,759,722 	Europe
35	Romania	28-02-2022	2,733,484	+4,757	63,432 	+57	2,489,778	+17,876	180,274	923	143,682	3,334	21,040,842	1,105,983	19,024,556 	Europe
36	Austria	28-02-2022	2,679,742	+20,210	14,809 	+22	2,395,470	+24,983	269,463	189	294,745	1,629	158,973,339	17,485,477	9,091,736 	Europe
37	Denmark	28-02-2022	2,633,759	+15,734	4,612 	+28	2,243,266	+27,967	385,881	42	452,064	792	125,361,779	21,517,361	5,826,076 	Europe
38	Sweden	28-02-2022	2,448,182	+1,223	17,207 		2,092,483	+39,441	338,492	73	239,928	1,686	18,107,257	1,774,553	10,203,839 	Europe
39	Greece	28-02-2022	2,421,664	+16,263	25,860 	+75	2,190,692		205,112	413	234,238	2,501	65,534,935	6,338,922	10,338,498 	Europe
40	Iraq	28-02-2022	2,302,793	+1,203	24,989 	+14	2,243,644	+2,643	34,160	148	55,196	599	17,973,630	430,815	41,720,046 	Asia
41	Bangladesh	28-02-2022	1,943,577	+897	29,037 	+4	1,814,665	+7,976	99,875	1,275	11,609	173	13,401,339	80,049	167,413,678 	Asia
42	Serbia	28-02-2022	1,910,975	+2,703	15,241 	+42	1,802,008	+11,077	93,726	104	220,186	1,756	8,754,776	1,008,740	8,678,920 	Europe
43	Hungary	28-02-2022	1,787,544	+8,370	43,949 	+197	1,588,843	+22,334	154,752	132	185,823	4,569	10,784,987	1,121,146	9,619,612 	Europe
44	Jordan	28-02-2022	1,631,708	+8,234	13,835 	+21	1,535,778	+17,024	82,095	713	157,329	1,334	16,285,726	1,570,266	10,371,316 	Asia
45	Georgia	28-02-2022	1,605,472	+2,465	16,163 	+25	1,504,161	+12,840	85,148		403,745	4,065	15,880,724	3,993,694	3,976,450 	Asia
46	Pakistan	28-02-2022	1,509,360	+856	30,178 	+5	1,443,284	+1,756	35,898	1,052	6,620	132	26,426,952	115,903	228,010,156 	Asia
47	Slovakia	28-02-2022	1,446,922	+4,728	18,485 	+32	1,231,220	+8,512	197,217	234	264,808	3,383	6,380,675	1,167,759	5,464,034 	Europe
48	Kazakhstan	28-02-2022	1,302,322	+263	13,596 	+4	1,267,502	+833	21,224	528	68,008	710	11,575,012	604,452	19,149,588 	Asia
49	Ireland	28-02-2022	1,300,422	+2,277	6,497 	+22	1,168,261	+5,091	125,664	47	258,566	1,292	11,377,091	2,262,134	5,029,362 	Europe
50	Norway	28-02-2022	1,242,160	+10,394	1,598 		88,952		1,151,610	18	226,191	291	9,852,076	1,794,016	5,491,632 	Europe
51	Morocco	28-02-2022	1,160,975	+83	15,988 	+10	1,140,720	+563	 4,267	293	30,847	425	11,237,010	298,564	37,636,906 	Africa
52	Bulgaria	28-02-2022	1,091,279	+2,759	35,581 	+99	840,177	+5,833	215,521	473	159,042	5,186	9,188,343	1,339,101	6,861,575 	Europe
53	Cuba	28-02-2022	1,069,862	+475	8,494 		1,058,640	+480	2,728	34	94,551	751	12,920,253	1,141,856	11,315,134 	North America
54	Lebanon	28-02-2022	1,068,710	+1,870	10,091 	+12	682,977		375,642	186	157,751	1,490	4,795,578	707,868	6,774,682  	Asia
55	Croatia	28-02-2022	1,054,794	+198	15,069 	+39	1,027,821	+2,770	11,904	98	259,596	3,709	4,512,457	1,110,562	4,063,221 	Europe
56	Tunisia	28-02-2022	998,230	+476	27,784 	+11	950,873	+3,056	19,573	222	83,020	2,311	4,343,907	361,271	12,023,949 	Africa
57	Nepal	28-02-2022	976,984	+119	11,936 	+1	956,813	+400	8,235	100	32,559	398	5,421,609	180,681	30,006,556 	Asia
58	Belarus	28-02-2022	919,736	+2,268	6,480 	+10	908,132	+2,089	5,124		97,387	686	12,438,809	1,317,090	9,444,161 	Europe
59	Lithuania	28-02-2022	902,554	+1,923	8,421 	+8	808,647	+2,175	85,486	95	339,407	3,167	 7,746,771	2,913,186	2,659,209 	Europe
60	Bolivia	28-02-2022	893,330	+107	21,432 	+6	788,463	+1,143	83,435	220	74,835	1,795	2,669,468	223,623	11,937,355 	South America
61	Slovenia	28-02-2022	892,649	+699	6,307 	+15	845,587	+3,639	40,755	104	429,279	3,033	2,570,221	1,236,032	2,079,413 	Europe
62	UAE	28-02-2022	879,973	+605	2,301 		834,041	+1,571	43,631		87,223	228	137,766,535	13,655,400	10,088,795 	Asia
63	Uruguay	28-02-2022	842,462	+1,951	6,985 	+8	812,907	+3,109	22,570	119	241,136	1,999	5,705,619	1,633,106	3,493,723 	South America
64	Ecuador	28-02-2022	827,760		35,223 		N/A	N/A	N/A	759	45,764	1,947	2,470,170	136,566	18,087,764 	South America
65	Costa Rica	28-02-2022	806,928	+1,264	8,037 	+6	667,558	+3,191	131,333	121	156,038	1,554	3,712,867	717,968	5,171,357 	North America
66	Azerbaijan	28-02-2022	 785,670	+369	9,417 	+17	765,373	+1,090	10,880		76,346	915	6,554,964	636,966	10,290,924 	Asia
67	Guatemala	28-02-2022	777,670	+679	16,977 	+6	719,515	+2,615	41,178	5	42,115	919	3,922,624	212,429	18,465,569 	 North America
68	Panama	28-02-2022	755,498	+236	8,083 	+4	741,856	+1,043	5,559	26	170,637	1,826	5,517,801	1,246,254	4,427,510 	North America
69	Saudi Arabia	28-02-2022	745,027	+653	8,998 	+2	723,549	+1,081	12,480	601	20,861	252	40,704,052	1,139,728	35,713,828 	Asia
70	Singapore	28-02-2022	724,424	+13,544	1,019 	+12	669,243	+18,884	54,162	32	122,230	172	23,141,120	3,904,525	5,926,744 	Asia
71	Latvia	28-02-2022	653,120	+3,616	5,239 	+9	513,598		134,283	76	352,739	2,829	6,711,057	3,624,530	1,851,566 	Europe
72	Sri Lanka	28-02-2022	646,034	+997	16,222 	+32	608,924	+205	20,888		29,961	752	6,282,076	291,345	21,562,352 	Asia
73	Paraguay	28-02-2022	641,767	+446	18,367 	+8	609,477	+1,003	13,923	144	88,179	2,524	2,529,065	347,495	7,277,994 	South America
74	Finland	28-02-2022	637,757	+28	2,366 	+2	46,000		589,391	35	114,807	426	9,927,154	1,787,062	5,555,015 	Europe
75	Kuwait	28-02-2022	619,894	+584	2,538 	+1	608,143	+1,486	9,213	56	141,677	580	7,645,362	1,747,347	4,375,411 	Asia
76	Myanmar	28-02-2022	587,891	+1,693	19,368 	+3	534,774	+1,379	33,749		10,686	352	7,120,830	129,433	55,015,506 	Asia
77	Palestine	28-02-2022	576,078	+706	5,226 	+10	555,027	+2,005	15,825	104	108,732	986	3,078,533	581,057	5,298,163 	Asia
78	Dominican Republic	28-02-2022	574,556	+264	4,368 		568,322	+291	1,866	40	52,097	396	3,115,197	282,467	11,028,532 	North America
79	Venezuela	28-02-2022	 515,124	+329	5,636 	+3	503,133	+715	6,355	230	18,201	199	3,359,014	118,684	28,302,128 	South America
80	Bahrain	28-02-2022	514,883	+2,577	1,454 	+1	487,781	+2,776	25,648	16	286,105	808	9,397,068	5,221,661	1,799,632 	Asia
81	Moldova	28-02-2022	501,800	+488	11,216 	+3	476,641	+723	13,943	96	124,876	2,791	3,024,067	752,556	4,018,392 	Europe
82	Libya	28-02-2022	494,446	+898	6,261 	+11	463,762	+2,660	24,423	129	70,370	891	2,423,118	344,859	7,026,406 	Africa
83	Estonia	28-02-2022	494,427	+2,278	2,236 	+11	368,812	+1,885	123,379	25	372,305	1,684	3,100,487	2,334,674	1,328,017 	Europe
84	Egypt	28-02-2022	483,771	+1,523	24,074 	+34	413,482	+1,321	46,215	122	4,584	228	3,693,367	34,996	105,537,554 	Africa
85	Ethiopia	28-02-2022	468,727	+53	7,462 	+2	417,161	+457	44,104	86	3,916	62	4,505,854	37,647	119,687,616 	Africa
86	Mongolia	28-02-2022	464,211	+166	2,168 		313,256		148,787	192	137,915	644	4,030,048	1,197,310	3,365,918 	Asia
87	Armenia	28-02-2022	419,832	+139	8,461 	 +12	401,677	+837	9,694		141,241	2,846	2,894,588	973,808	2,972,441 	Asia
88	Honduras	28-02-2022	411,212		10,720 		127,663		272,829	105	40,449	1,054	1,263,329	124,269	10,166,085 	North America
89	Oman	28-02-2022	382,244	+863	4,244 	+2	368,677	+1,473	9,323	60	71,822	797	25,000,000	4,697,422	5,322,068 	Asia
90	Bosnia and Herzegovina	28-02-2022	371,202	+135	15,459 	+24	192,218		163,525		114,324	 4,761	1,699,911	523,545	3,246,927 	Europe
91	Qatar	28-02-2022	356,982	+311	670 	+2	353,139	+586	3,173	20	127,139	239	3,374,531	1,201,840	2,807,805 	Asia
92	Kenya	28-02-2022	322,946	+16	 5,639 		303,261	+13	14,046	4	5,794	101	3,371,198	60,485	55,736,523 	Africa
93	Cyprus	28-02-2022	322,516	+2,356	856 	+2	124,370		197,290	60	263,935	701	9,477,138	7,755,724	1,221,954 	Asia
94	Zambia	28-02-2022	312,750	+43	3,952 		307,102	+256	1,696	1	16,257	205	3,270,113	169,983	19,237,881 	Africa
95	North Macedonia	28-02-2022	297,262	+181	9,010 	+9	284,756	+848	3,496		142,693	4,325	1,890,628	907,546	2,083,232 	Europe
96	Réunion	28-02-2022	292,126		640 		274,185		17,301	40	322,463	706	1,424,291	1,572,200	905,922 	Africa
97	Albania	28-02-2022	271,563	+36	3,469 	+5	265,588	+313	2,506	13	94,536	1,208	1,743,290	606,873	2,872,578 	Europe
98	Algeria	28-02-2022	264,936	+81	6,835 	+4	177,513	+76	80,588	11	5,866	151	230,861	5,111	45,165,210 	Africa
99	Botswana	28-02-2022	263,950		2,619 		259,434		1,897	1	108,603	1,078	2,026,898	833,971	2,430,419 	Africa
100	Nigeria	28-02-2022	254,560	+35	3,142 		249,079	+66	2,339	11	1,186	15	4,442,964	20,702	214,615,295 	Africa
101	Uzbekistan	28-02-2022	236,405	+106	1,635 	+2	232,918	+321	1,852	23	6,897	48	1,377,915	40,202	34,274,404 	Asia
102	Zimbabwe	28-02-2022	 236,380	+405	5,395 	+1	226,394	+325	4,591	12	15,529	354	2,081,091	136,715	15,222,085 	Africa
103	Montenegro	28-02-2022	230,207	+87	2,680 	+4	226,015	+168	1,512	60	366,456	4,266	1,169,541	1,861,739	628,198 	 Europe
104	Mozambique	28-02-2022	225,047	+9	2,192 		219,430	+109	3,425	13	6,881	67	1,268,833	38,793	32,707,793 	Africa
105	Hong Kong	28-02-2022	205,780	+34,466	744 	+85	13,232	 	191,804	16	27,084	98	36,260,319	4,772,364	7,597,978 	Asia
106	Kyrgyzstan	28-02-2022	200,500	+22	2,957 	+1	195,161	+105	2,382	131	29,913	441	1,907,195	284,535	6,702,855 	Asia
 107	Luxembourg	28-02-2022	183,177	+1,274	991 	+3	173,718	+2,340	8,468	6	284,931	1,541	4,069,682	6,330,372	642,882 	Europe
108	Afghanistan	28-02-2022	173,758	+193	7,603 	+7	156,456	+537	9,699	1,124	4,303	188	890,731	 22,057	40,382,946 	Asia
109	Maldives	28-02-2022	170,192	+560	297 		154,864	+618	15,031	25	305,911	534	2,187,033	3,931,073	556,345 	Asia
110	Uganda	28-02-2022	163,266	+16	3,588 	 	99,995	+5	59,683	35	3,392	75	2,460,535	51,116	48,136,346 	Africa
111	Ghana	28-02-2022	159,674	+550	1,442 		157,623	+490	609	1	4,967	45	2,321,483	72,210	32,149,212 	Africa
112	Namibia	28-02-2022	157,225	+15	4,007 		152,694		524	2	60,072	1,531	955,455	365,057	2,617,274 	Africa
113	El Salvador	28-02-2022	156,364	+396	4,071 	+3	132,410	+754	19,883	153	23,907	622	 1,758,939	268,928	6,540,555 	North America
114	Laos	28-02-2022	142,743	+134	621 		7,660		134,462		19,158	83	1,000,342	134,259	7,450,815 	Asia
115	Cambodia	28-02-2022	130,276	+356	3,032  		123,772	+419	3,472		7,617	177	2,859,086	167,168	17,103,074 	Asia
116	Iceland	28-02-2022	129,844	+1,099	62 	+1	75,685		54,097	2	376,446	180	1,754,901	5,087,835	344,921 	Europe
117	Rwanda	28-02-2022	129,502	+13	1,457 		45,522		82,523	1	9,604	108	4,845,030	359,294	13,484,844 	Africa
118	Jamaica	28-02-2022	127,986	+25	2,813 		76,987	+284	48,186	25	42,910	943	851,460	285,473	2,982,631 	North America
119	Trinidad and Tobago	28-02-2022	127,767	+363	3,628 	+6	102,314	+269	21,825	18	90,807	2,579	628,553	446,728	1,407,014 	North America
120	Guadeloupe	28-02-2022	126,642		837 		2,250		123,555	19	316,417	2,091	938,039	2,343,703	400,238 	North America
121	Cameroon	28-02-2022	119,240		1,923 		117,089		228	13	4,314	70	1,751,774	63,374	27,642,044 	Africa
122	Martinique	28-02-2022	112,901		876 		104		111,921	16	301,244	2,337	678,821	1,811,242	374,782 	North America
123	China	28-02-2022	109,326	+234	4,636 		101,936	+68	2,754	21	76	3	160,000,000	111,163	1,439,323,776 	Asia
124	New Zealand	28-02-2022	100,821	+14,683	56 		18,332	+218	82,433		20,156	 11	6,711,198	1,341,676	5,002,100 	Australia/Oceania
125	Angola	28-02-2022	98,741	+40	1,900 	+1	96,680	+58	161		2,857	55	1,428,954	41,345	34,561,599 	Africa
126	DRC	28-02-2022	86,018	+19	1,335 		50,930		33,753		914	14	846,704	9,000	94,076,736 	Africa
127	Senegal	28-02-2022	85,693	+17	1,960 		83,631	+9	102	2	4,904	112	1,014,840	58,071	17,475,830 	Africa
128	Malawi	28-02-2022	85,339	+11	2,615 		75,600	+22	7,124	67	4,278	131	546,965	27,417	19,949,936 	Africa
129	Ivory Coast	28-02-2022	81,483	+16	793 	+1	79,892	+76	798		2,967	29	1,417,847	51,630	27,461,880 	Africa
130	Suriname	28-02-2022	78,123	+31	1,316 		49,355	+1	27,452	3	131,220	2,210	228,303	383,471	595,360 	South America
131	French Guiana	28-02-2022	77,652		391 		11,254		66,007	6	249,265	1,255	591,966	1,900,226	311,524 	South America
132	Malta	28-02-2022	71,275	+40	605 	+1	69,566	+61	1,104	3	160,712	1,364	1,211,456	2,731,605	443,496 	Europe
133	Eswatini	28-02-2022	69,160	+30	1,390 		67,675	+32	95	11	58,605	1,178	477,592	404,702	1,180,109 	Africa
134	French Polynesia	28-02-2022	66,699	+1,116	639 	+1	N/A	N/A	N/A	7	235,183	2,253			283,605 	Australia/Oceania
135	Fiji	28-02-2022	63,930	+2	834 	+1	61,908	+18	1,188		70,467	919	497,039	547,863	907,232 	Australia/Oceania
136	Madagascar	28-02-2022	63,659		1,366 		58,677		3,616	61	2,205	47	398,434	13,800	28,871,890 	Africa
137	Brunei 	28-02-2022	63,542	+4,095	125 	+4	33,512	+2,490	29,905		142,973	281	712,994	1,604,274	444,434 	Asia
138	Guyana	28-02-2022	62,921	+30	1,220 		61,219	+290	482	8	79,360	1,539	539,596	680,573	792,855 	South America
139	Sudan	28-02-2022	61,458	+82	3,908 	+7	40,329		17,221		1,349	86	562,941	12,359	45,547,830 	Africa
140	Mauritania	28-02-2022	58,633	+1	979 		57,604	+2	50	30	12,083	202	745,392	153,614	4,852,386 	Africa
141	 Belize	28-02-2022	56,694	+97	650 		54,741	+288	1,303	6	138,410	1,587	501,604	1,224,595	409,608 	North America
142	Cabo Verde	28-02-2022	55,886	+4	401 		55,414	+5	71	23	98,736	708	400,982	708,432	566,013 	Africa
143	Barbados	28-02-2022	55,165	+134	316 	+1	52,864	+611	1,985		191,572	1,097	585,575	2,033,536	287,959 	North America
144	Syria	28-02-2022	54,575	+95	3,075 	+4	47,133	+200	4,367		2,998	169	146,269	8,034	18,205,938 	Asia
145	New Caledonia	28-02-2022	54,177	+1,170	299 		46,473	+4,155	7,405	32	186,782	1,031	98,964	341,190	290,055 	Australia/Oceania
146	Channel Islands	28-02-2022	51,002	+618	143 		48,104	+471	2,755		288,924	810	1,209,938	6,854,241	176,524 	Europe
147	Gabon	28-02-2022	47,543	+9	303 		46,561	+406	679	1	20,556	131	1,571,354	 679,397	2,312,864 	Africa
148	Papua New Guinea	28-02-2022	41,290	+252	638 		39,344	+488	1,308	7	4,474	69	249,149	26,998	9,228,286 	Australia/Oceania
149	Seychelles	28-02-2022	39,336		163 	 	38,731		442		395,902	1,641			99,358 	Africa
150	Curaçao	28-02-2022	38,944	+11	261 		38,386	+34	297	3	235,729	1,580	492,011	2,978,149	165,207 	North America
151	Burundi	28-02-2022	38,102	+16	38 		773		37,291		3,054	3	345,742	27,708	12,478,086 	Africa
152	Andorra	28-02-2022	37,999		151 		37,135		713	14	490,500	1,949	249,838	3,224,965	77,470 	Europe
153	Togo	28-02-2022	36,798		272 		36,410		116		4,279	32	689,248	80,139	8,600,631 	Africa
154	Mayotte	28-02-2022	36,662		187 		2,964		33,511		129,212	659	176,919	623,536	283,735 	Africa
155	Guinea	28-02-2022	36,397	+4	440 		32,939		3,018	49	2,652	32	587,607	42,817	13,723,646 	Africa
156	Faeroe Islands	28-02-2022	34,237		28 		7,693		26,516	5	696,284	569	778,000	15,822,334	49,171 	Europe
157	Aruba	28-02-2022	33,684	+8	211 		33,418	+12	55	6	313,284	1,962	177,885	1,654,452	107,519  	North America
158	Tanzania	28-02-2022	33,620		798 		N/A	N/A	N/A	7	537	13			62,556,076 	Africa
159	Bahamas	28-02-2022	33,135	+6	771 		26,221		 6,143	9	82,945	1,930	220,353	551,595	399,483 	North America
160	Lesotho	28-02-2022	32,612		696 		23,343		8,573		15,025	321	398,053	183,397	2,170,448 	Africa
161	Mauritius	28-02-2022	31,731	+873	786 		27,594	+586	3,351		24,882	616	358,675	281,254	1,275,273 	Africa
162	Mali	28-02-2022	30,381	+3	722 		29,498	+28	161		1,432	34	621,663	29,299	21,218,200 	Africa
163	Haiti	28-02-2022	30,342		820 		25,219	+9	4,303		2,608	70	132,422	11,383	11,633,302 	North America
164	Benin	28-02-2022	26,567		163 		25,506		898	5	2,100	13	604,310	47,772	12,649,921 	Africa
165	Somalia	28-02-2022	26,313		1,348 		13,182		11,783		1,582	81	400,466	24,083	16,628,649 	Africa
166	Congo	28-02-2022	24,020	 +53	378 		20,178		3,464		4,182	66	347,815	60,559	5,743,406 	Africa
167	Isle of Man	28-02-2022	22,844	+68	79 		22,335	+20	430		266,309	921	150,753	1,757,438	85,780 	Europe
168	Saint Lucia	28-02-2022	22,694	+27	358 		22,180	+88	156	4	122,656	1,935	135,644	733,128	185,021 	North America
169	Timor-Leste	28-02-2022	22,693	+25	128 		22,140	+132	425	 9	16,685	94	248,770	182,903	1,360,118 	Asia
170	Burkina Faso	28-02-2022	20,751		375 		20,309		67		950	17	248,995	11,394	21,853,976 	Africa
171	Taiwan	28-02-2022	20,489	 +56	853 		18,386	+48	1,250		858	36	11,589,121	485,137	23,888,366 	Asia
172	Cayman Islands	28-02-2022	19,373		17 		8,553		10,803	2	289,136	254	222,773	3,324,821	67,003 	North America
173	Nicaragua	28-02-2022	18,004		220 		4,225		13,559		2,665	33			6,755,407 	North America
174	Tajikistan	28-02-2022	17,388		124 		17,263		1		1,758	13			9,893,075 	Asia
175	South Sudan	28-02-2022	16,973	+18	137 		13,271	+21	3,565	1	1,487	12	340,487	29,837	11,411,610 	Africa
176	Equatorial Guinea	28-02-2022	15,884	+7	182 		15,664	+11	38	5	10,737	123	273,437	184,828	1,479,410 	Africa
177	Djibouti	28-02-2022	15,547		189 		15,352		6		15,365	187	285,109	281,770	1,011,850 	Africa
178	Gibraltar	28-02-2022	15,428	+115	101 		14,832	+233	495	10	458,158	2,999	514,605	15,281,968	33,674 	Europe
179	San Marino	28-02-2022	14,369	+162	112 		13,994	+291	263	4	422,009	3,289	136,485	4,008,488	34,049 	Europe
180	CAR	28-02-2022	14,225	+38	113 		6,859		7,253	2	2,863	23	81,294	16,360	4,969,139 	Africa
181	Grenada	28-02-2022	13,690	+11	216 		13,336	+78	138	4	120,735	1,905	136,411	1,203,036	113,389 	North America
182	Bhutan	28-02-2022	12,702	+508	6 		8,291	+381	4,405		16,166	8	1,983,905	2,524,968	785,715 	Asia
183	Liechtenstein	28-02-2022	12,001	+93	78 		11,485	+298	438	4	313,260	2,036	80,413	2,099,008	38,310 	Europe
184	Gambia	28-02-2022	11,939	+15	365 		11,559	+98	15	4	4,720	144	137,657	54,426	2,529,273 	Africa
185	Yemen	28-02-2022	11,771	+2	2,135 	+1	8,693	+4	943	23	381	69	265,253	8,580	30,915,893 	Asia
186	Greenland	28-02-2022	11,715	 	18 	+2	2,761		8,936	7	205,765	316	164,926	2,896,793	56,934 	North America
187	Bermuda	28-02-2022	11,561	+71	123 		11,271	+121	167		186,781	1,987	800,448	12,932,144	61,896 	North America
188	Dominica	28-02-2022	11,108	+92	57 		10,712	+149	339		153,674	789	167,204	2,313,186	72,283 	North America
189	Saint Martin	28-02-2022	9,877		63 		1,399		8,415	 7	248,415	1,585	78,366	1,970,976	39,760 	North America
190	Eritrea	28-02-2022	9,701	+1	103 		9,594	+1	4		2,674	28	23,693	6,531	3,627,902 	Africa
191	Sint Maarten	28-02-2022	9,561	+13	85 		9,430	+10	46	10	218,867	1,946	62,056	1,420,566	43,684 	North America
192	Monaco	28-02-2022	9,411	+34	51 		9,190	+50	170	4	237,029	1,285	54,960	1,384,243	39,704 	Europe
193	Niger	28-02-2022	8,754	+3	307 		8,432		15	1	341	12	228,839	8,918	25,659,226 	Africa
194	Comoros	28-02-2022	8,033		160 		7,855		18		8,922	178			900,338 	Africa
195	Guinea-Bissau	28-02-2022	8,001		167 		6,978		856	6	3,912	82	123,632	60,451	2,045,169 	Africa
196	Sierra Leone	28-02-2022	7,665		125 		N/A	N/A	N/A		930	15	259,958	31,525	8,246,168 	Africa
197	Caribbean Netherlands	28-02-2022	7,575	+11	31 		7,482	+38	62		284,475	1,164	30,126	1,131,365	26,628 	North America
198	Antigua and Barbuda	28-02-2022	7,437		135 		7,253		49	1	74,913	1,360	18,901	190,390	99,275 	North America
199	Liberia	28-02-2022	7,384	+24	294 	+4	5,747		1,343	2	1,405	56	139,824	26,608	5,254,900 	Africa
200	Chad	28-02-2022	7,255	+9	190 		4,874		2,191		422	11	191,341	11,120	17,207,576 	Africa
201	Solomon Islands	28-02-2022	7,049	+112	99 	+3	1,757	+25	5,193	3	9,861	138	5,117	7,158	714,828 	Australia/Oceania
202	St. Vincent Grenadines	28-02-2022	6,740	+1	106 		6,604	+13	30		60,435	950	98,236	880,843	111,525 	North America
203	British Virgin Islands	28-02-2022	6,085	+11	62 		N/A	N/A	N/A	6	199,084	2,028	99,936	3,269,622	30,565 	North America
204	Sao Tome and Principe	28-02-2022	5,934		72 		5,852		10		26,267	319	29,036	128,527	225,913 	Africa
205	Turks and Caicos	28-02-2022	5,867		36 		5,787		44	4	148,205	909	419,792	10,604,289	39,587 	North America
206	Saint Kitts and Nevis	28-02-2022	 5,530		42 		5,480		8	1	102,742	780	65,141	1,210,259	53,824 	North America
207	Palau	28-02-2022	3,781	+55	6 		3,140	+198	635	5	207,326	329	36,979	2,027,691	18,237 	Australia/Oceania
208	St. Barth	28-02-2022	3,758		6 		N/A	N/A	N/A		378,564	604	56,491	5,690,642	9,927 	North America
209	Kiribati	28-02-2022	2,927	+13	11 		2,051		865	4	23,896	90			122,491 	Australia/Oceania
210	Anguilla	28-02-2022	2,555	+27	9 		2,528	+22	18	4	167,816	591	51,382	3,374,844	15,225 	North America
211	Saint Pierre Miquelon	28-02-2022	1,070		1 		1,049		20	1	186,184	174	17,358	3,020,358	5,747 	North America
212	Diamond Princess	28-02-2022	712		13 		699		0						 	
213	Wallis and Futuna	28-02-2022	454		7 		438		9		41,606	641	20,508	1,879,399	10,912 	Australia/Oceania
214	Tonga	28-02-2022	355		 		177		178		3,297				107,684 	Australia/Oceania
215	Montserrat	28-02-2022	164		2 		161		1		32,820	400	8,359	1,672,804	4,997 	North America
216	Falkland Islands	28-02-2022	109		  		N/A	N/A	N/A		29,879		8,632	2,366,228	3,648 	South America
217	Macao	28-02-2022	81		 		79		2		122		5,318	8,009	664,029 	Asia
218	Cook Islands	28-02-2022	42	+17	 		4		38		2,388		1,754	99,710	17,591 	Australia/Oceania
219	Samoa	28-02-2022	33		 		3		30		165				 200,603 	Australia/Oceania
220	Vatican City	28-02-2022	29		 		28		1		36,070				804 	Europe
221	Vanuatu	28-02-2022	18		1 		6	 	11		56	3	23,000	72,088	319,053 	Australia/Oceania
222	Western Sahara	28-02-2022	10		1 		8		1		16	2			621,703 	Africa
223	MS Zaandam	28-02-2022	9		2 		7		0						 	
224	Marshall Islands	28-02-2022	7		 		7		0		117				59,853 	Australia/Oceania
225	Saint Helena	28-02-2022	2		 		2		0		327				6,107 	Africa
226	Micronesia	28-02-2022	1		 		1		0		9				117,025 	Australia/Oceania
1	USA	01-03-2022	80,697,924	+41,899	977,402 	+1,451	53,730,805	+230,543	25,989,717	7,522	241,447	2,924	951,544,688	2,847,010	334,225,917 	North America
2	India	01-03-2022	42,938,164	+7,119	514,109 	+55	42,328,273	+3,723	95,782	8,944	30,615	367	767,481,346	547,211	1,402,532,051 	Asia
3	Brazil	01-03-2022	28,811,165	+23,545	649,717 	+274	26,506,005	+169,632	1,655,443	8,318	133,963	3,021	63,776,166	296,539	215,068,475 	South America
4	France	01-03-2022	22,782,609	+79,794	138,576 	+209	21,080,886	+179,382	1,563,147	2,484	347,755	2,115	246,629,975	3,764,574	 65,513,384 	Europe
5	UK	01-03-2022	18,886,701		161,361 		17,449,650		1,275,690	289	275,806	2,356	480,341,745	7,014,519	68,478,212 	Europe
6	Russia	01-03-2022	16,495,369	+97,333	352,446 	+786	 13,748,465	+172,813	2,394,458	2,300	112,952	2,413	273,400,000	1,872,111	146,038,387 	Europe
7	Germany	01-03-2022	14,974,713	+150,565	123,721 	+275	11,239,600	+228,900	3,611,392	2,494	177,786	1,469	104,701,826	1,243,064	84,228,855 	Europe
8	Turkey	01-03-2022	14,149,341	+59,885	94,648 	+203	13,437,729	+71,545	616,964	1,128	164,823	1,103	144,214,377	1,679,922	85,845,863 	Asia
9	Italy	01-03-2022	12,829,972	+46,631	155,000 	+233	11,601,742	+73,607	1,073,230	708	212,719	 2,570	187,867,237	3,114,811	60,314,170 	Europe
10	Spain	01-03-2022	11,036,085	+14,641	99,883 	+119	9,679,247	+118,803	1,256,955	1,053	235,890	2,135	471,036,328	10,068,137	46,784,854 	Europe
11	Argentina	01-03-2022	8,904,176	+3,520	126,257 	+105	8,688,724	+6,534	89,195	1,136	194,057	2,752	34,279,674	747,088	45,884,404 	South America
12	Iran	01-03-2022	7,060,741	+9,312	137,064 	+226	6,665,702	+13,514	257,975	4,027	82,314	1,598	47,252,235	550,868	85,777,737 	Asia
13	Netherlands	01-03-2022	6,398,114	+36,488	21,570 	+16	4,416,938	+84,253	1,959,606	174	372,030	1,254	21,107,399	1,227,329	17,197,837 	Europe
14	Colombia	01-03-2022	6,065,801	+1,218	138,854 	+87	5,892,530	+1,967	34,417	342	117,138	2,681	33,224,395	641,604	51,783,360 	South America
15	Poland	01-03-2022	5,680,034	+12,984	111,586 	+269	5,073,307	+16,138	495,141	807	150,354	2,954	33,715,893	892,480	37,777,768 	Europe
 16	Indonesia	01-03-2022	5,589,176	+24,728	148,660 	+325	4,901,302	+39,887	539,214	2,911	20,081	534	84,648,008	304,133	278,325,882 	Asia
17	Mexico	01-03-2022	5,508,629	+2,524	318,149 	+63	4,781,564	+8,433	408,916	4,798	41,992	2,425	15,089,355	115,026	131,181,893 	North America
18	Japan	01-03-2022	5,005,892	+55,243	23,633 	+187	4,264,616	+74,491	717,643	1,456	39,782	188	38,993,335	309,881	125,833,425 	Asia
19	Ukraine	01-03-2022	4,809,624		105,505 		4,058,020		646,099	177	111,083	2,437	19,521,252	450,864	43,297,396 	Europe
20	South Africa	01-03-2022	3,675,691	+1,649	99,430 	+18	3,551,039	+7,930	25,222	546	60,705	1,642	23,111,817	381,697	60,550,116 	Africa
21	Philippines	01-03-2022	3,663,059	+1,067	56,451 		3,555,016	+1,652	51,592	298	32,705	504	28,203,435	251,811	112,002,351 	Asia
22	Israel	01-03-2022	3,641,304	+6,794	10,218 	+20	3,557,940	+10,930	73,146	574	390,446	1,096	41,373,364	4,436,346	9,326,000 	Asia
23	Czechia	01-03-2022	3,587,871	+10,159	38,685 	+18	3,463,303	+13,388	85,883	203	334,005	3,601	52,650,835	4,901,411	10,741,976 	Europe
24	Vietnam	01-03-2022	3,557,629	 +98,762	40,338 	+86	2,479,883	+40,932	1,037,408	3,851	36,011	408	79,309,194	802,783	98,792,826 	Asia
25	Belgium	01-03-2022	3,557,314	+2,498	30,179 	+17	3,025,804	+48,201	501,331	241	304,737	2,585	31,718,358	2,717,151	11,673,387 	Europe
26	Peru	01-03-2022	3,517,260		210,672 		N/A	N/A	N/A	975	104,264	6,245	27,364,060	811,164	33,734,322 	South America
27	Malaysia	01-03-2022	3,468,590	+25,854	32,827 	+78	3,142,112	+25,548	 293,651	374	104,936	993	49,763,443	1,505,499	33,054,443 	Asia
28	Canada	01-03-2022	3,296,549	+3,569	36,638 	+36	3,148,232	+2,359	111,679	666	86,091	957	58,238,581	1,520,922	38,291,630 	North America
29	 Portugal	01-03-2022	3,273,624	+11,006	21,086 	+23	2,787,126	+1,752	465,412	96	322,609	2,078	37,805,639	3,725,673	10,147,331 	Europe
30	S. Korea	01-03-2022	3,273,449	+138,993	8,170 	+112	969,524		2,295,755	727	63,757	159	15,804,065	307,817	51,342,464 	Asia
31	Australia	01-03-2022	3,236,095	+25,017	5,210 	+39	3,001,687		229,198	131	124,508	200	63,589,227	2,446,577	25,991,100 	Australia/Oceania
32	Chile	01-03-2022	3,076,291	+13,929	42,381 	+28	2,097,387	+30,324	936,523	1,107	158,664	2,186	33,063,514	1,705,301	19,388,672 	South America
33	Thailand	01-03-2022	2,912,347	+20,420	22,979 	+43	2,673,646	+18,297	215,722	687	41,551	328	17,270,775	246,406	70,090,853 	Asia
34	Switzerland	01-03-2022	2,806,401	+13,983	13,234 		2,194,859	+23,423	598,308	137	320,376	1,511	18,703,625	2,135,185	8,759,722 	Europe
35	Romania	01-03-2022	2,741,945	+8,461	63,578 	+146	2,510,046	+20,268	168,321	892	144,127	3,342	21,103,210	1,109,262	19,024,556 	Europe
36	Austria	01-03-2022	2,704,530	+24,788	14,841 	+32	2,423,154	+27,684	266,535	191	297,471	1,632	159,433,227	17,536,060	9,091,736 	Europe
37	Denmark	01-03-2022	2,651,267	 +17,508	4,649 	+37	2,284,016	+40,750	362,602	43	455,069	798	125,456,753	21,533,662	5,826,076 	Europe
38	Sweden	01-03-2022	2,448,182		17,207 		2,141,849	+49,366	289,126	69	239,928	1,686	18,174,812	1,781,174	10,203,839 	Europe
39	Greece	01-03-2022	2,438,872	+17,208	25,914 	+54	2,229,561	+38,869	183,397	408	235,902	2,507	66,001,463	6,384,048	10,338,498 	Europe
40	Iraq	01-03-2022	2,303,816	+1,023	24,999 	+10	2,246,473	+2,829	32,344	124	55,221	599	17,988,894	431,181	41,720,046 	Asia
41	Bangladesh	01-03-2022	1,944,376	+799	29,045 	+8	1,822,125	+7,460	93,206	1,275	11,614	173	13,425,156	80,192	167,413,678 	Asia
42	Serbia	01-03-2022	1,913,861	+2,886	15,280 	+39	1,811,546	+9,538	87,035	105	220,518	1,761	8,769,892	1,010,482	8,678,920 	Europe
43	Hungary	01-03-2022	1,789,581	+2,037	44,051 	+102	1,595,008	+6,165	150,522	136	186,035	4,579	10,789,819	1,121,648	9,619,612 	Europe
44	Jordan	01-03-2022	1,638,228	+6,520	13,849 	+14	1,546,429	+10,651	77,950	694	157,958	1,335	16,319,298	1,573,503	10,371,316 	Asia
45	Georgia	01-03-2022	1,612,319	+6,847	16,199 	 +36	1,513,164	+9,003	82,956		405,467	4,074	15,917,950	4,003,055	3,976,450 	Asia
46	Pakistan	01-03-2022	1,510,221	+861	30,196 	+18	1,443,284		36,741	988	6,623	132	26,464,518	116,067	228,010,156 	Asia
47	Slovakia	01-03-2022	1,458,129	+11,207	18,530 	+45	1,250,084	+18,864	189,515	232	266,859	3,391	6,402,442	1,171,743	5,464,034 	Europe
48	Ireland	01-03-2022	1,303,720	+3,298	6,508 	+11	1,172,639	+4,378	124,573	48	 259,222	1,294	11,388,656	2,264,434	5,029,362 	Europe
49	Kazakhstan	01-03-2022	1,302,550	+228	13,606 	+10	1,269,129	+1,627	19,815	528	68,020	711	11,575,012	604,452	19,149,588 	Asia
50	Norway	01-03-2022	1,257,079	+14,919	1,599 	+1	88,952		1,166,528	18	228,908	291	9,852,076	1,794,016	5,491,632 	Europe
51	Morocco	01-03-2022	1,161,131	+156	15,994 	+6	1,141,414	+694	3,723	293	30,851	425	11,237,010	298,564	37,636,906 	Africa
52	Bulgaria	01-03-2022	1,093,920	+2,641	35,637 	+56	843,574	+3,397	214,709	461	159,427	5,194	9,206,636	1,341,767	6,861,575 	Europe
53	Lebanon	01-03-2022	1,070,696	+1,986	10,104 	+13	682,977		377,615	186	158,044	1,491	4,795,578	707,868	6,774,682 	Asia
54	Cuba	01-03-2022	1,070,258	+396	8,495 	+1	1,059,246	+606	2,517	34	94,586	751	12,920,253	1,141,856	11,315,134 	North America
55	Croatia	01-03-2022	1,055,943	+1,149	15,101 	+32	1,029,954	+2,133	10,888	91	259,878	3,717	4,519,621	1,112,325	4,063,221 	Europe
56	Tunisia	01-03-2022	998,230		27,784 		950,873		19,573	222	83,020	2,311	4,343,907	361,271	12,023,949 	Africa
57	Nepal	01-03-2022	977,076	+92	11,938 	+2	957,167	+354	7,971	100	32,562	398	5,426,067	180,829	30,006,556 	Asia
58	Belarus	01-03-2022	921,263	+1,527	6,493 	+13	 909,667	+1,535	5,103		97,548	688	12,444,066	1,317,647	9,444,161 	Europe
59	Lithuania	01-03-2022	906,902	+4,348	8,434 	+13	808,647		89,821	95	341,042	3,172	7,759,087	2,917,818	2,659,209 	Europe
60	Slovenia	01-03-2022	895,174	+2,525	6,317 	+10	852,740	+7,153	36,117	94	430,494	3,038	2,572,086	1,236,929	2,079,413 	Europe
61	Bolivia	01-03-2022	893,395	+65	21,438 	+6	789,710	+1,247	82,247	220	74,840	1,796	 2,669,468	223,623	11,937,355 	South America
62	UAE	01-03-2022	880,451	+478	2,301 		835,526	+1,485	42,624		87,270	228	138,186,824	13,697,059	10,088,795 	Asia
63	Uruguay	01-03-2022	844,400	+1,938	6,991 	+6	816,974	+4,067	20,435	116	241,691	2,001	5,713,251	1,635,290	3,493,723 	South America
64	Ecuador	01-03-2022	827,760		35,223 		N/A	N/A	N/A	759	45,764	1,947	2,470,170	136,566	18,087,764 	South America
65	Costa Rica	01-03-2022	809,131	+2,203	8,047 	+10	673,294	+5,736	127,790	116	156,464	1,556	3,712,867	717,968	5,171,357 	North America
66	Azerbaijan	01-03-2022	786,502	+832	9,438 	+21	767,702	+2,329	9,362	 	76,427	917	6,563,829	637,827	10,290,924 	Asia
67	Guatemala	01-03-2022	780,815	+3,145	17,010 	+33	723,682	+4,167	40,123	5	42,285	921	3,922,624	212,429	18,465,569 	North America
68	Panama	01-03-2022	755,853	+355	8,093 	+10	742,772	+916	4,988	26	170,717	1,828	5,523,302	1,247,496	4,427,510 	North America
69	Singapore	01-03-2022	748,504	+24,080	1,030 	+11	686,448	+17,205	61,026	53	126,293	174	23,141,120	3,904,525	5,926,744  	Asia
70	Saudi Arabia	01-03-2022	745,590	+563	9,001 	+3	724,388	+839	12,201	554	20,877	252	40,769,021	1,141,547	35,713,828 	Asia
71	Latvia	01-03-2022	662,644	+9,524	5,256 	+17	 517,737	+4,139	139,651	74	357,883	2,839	6,730,390	3,634,972	1,851,566 	Europe
72	Finland	01-03-2022	657,443	+19,686	2,380 	+14	46,000		609,063	35	118,351	428	9,950,105	1,791,193	5,555,015 	Europe
73	Sri Lanka	01-03-2022	646,948	+914	16,244 	+22	609,092	+168	21,612		30,004	753	6,282,076	291,345	21,562,352 	Asia
74	Paraguay	01-03-2022	642,184	+417	18,392 	+25	610,475	+998	13,317	128	88,236	2,527	2,531,448	347,822	7,277,994 	South America
75	Kuwait	01-03-2022	620,452	+558	2,539 	+1	609,349	+1,206	8,564	52	141,804	580	7,663,298	1,751,446	4,375,411 	Asia
76	Myanmar	01-03-2022	590,237	+2,346	19,372 	+4	536,477	+1,703	34,388		10,729	352	7,143,562	129,846	55,015,506 	Asia
77	Palestine	01-03-2022	576,078		5,226 		555,027		15,825	104	108,732	986	3,078,533	581,057	5,298,163 	Asia
78	Dominican Republic	01-03-2022	574,912	+356	4,369 	+1	568,804	+482	1,739	31	52,130	396	3,119,841	282,888	11,028,532 	North America
79	Bahrain	01-03-2022	517,635	+2,752	1,455 	+1	489,331	+1,550	26,849	15	287,634	808	9,408,484	5,228,004	1,799,632 	Asia
80	Venezuela	01-03-2022	515,124		5,636 		503,133		6,355	230	18,201	199	3,359,014	118,684	28,302,128 	South America
81	Moldova	01-03-2022	502,386	 +586	11,228 	+12	477,544	+903	13,614	113	125,022	2,794	3,029,065	753,800	4,018,392 	Europe
82	Estonia	01-03-2022	499,083	+4,656	2,250 	+14	377,261	+8,449	119,572	25	375,811	1,694	3,108,924	2,341,027	1,328,017 	Europe
83	Libya	01-03-2022	495,115	+669	6,269 	+8	466,128	+2,366	22,718	125	70,465	892	2,426,519	345,343	7,026,406 	Africa
84	Egypt	01-03-2022	485,093	+1,322	24,110 	+36	415,490	+2,008	45,493	122	4,596	228	3,693,367	34,996	105,537,554 	Africa
85	Ethiopia	01-03-2022	468,770	+43	7,463 	+1	418,563	+1,402	42,744	87	3,917	62	4,512,424	37,702	119,687,616 	Africa
86	Mongolia	01-03-2022	464,516	+305	2,170 	+2	313,256		149,090	192	138,006	645	4,030,048	1,197,310	3,365,918 	Asia
87	Armenia	01-03-2022	420,156	+324	8,478 	+17	402,916	+1,239	8,762		141,350	2,852	2,898,664	975,180	 2,972,441 	Asia
88	Honduras	01-03-2022	412,733	+1,521	10,778 	+58	127,988	+325	273,967	105	40,599	1,060	1,263,329	124,269	10,166,085 	North America
89	Oman	01-03-2022	382,244		4,244 		368,677		9,323	60	71,822	797	25,000,000	4,697,422	5,322,068 	Asia
90	Bosnia and Herzegovina	01-03-2022	371,381	+179	15,470 	+11	192,218		163,693		114,379	4,765	1,701,737	524,107	3,246,927 	Europe
91	Qatar	01-03-2022	357,292	+310	670 		353,682	+543	2,940	20	127,250	239	3,376,329	1,202,480	2,807,805 	Asia
92	Cyprus	01-03-2022	324,502	+1,986	857 	+1	124,370		199,275	60	265,560	701	9,477,138	7,755,724	1,221,954 	Asia
93	Kenya	01-03-2022	322,978	+32	5,639 		303,274	+13	14,065	4	5,795	101	3,376,678	60,583	55,736,523 	Africa
94	Zambia	01-03-2022	312,970	+220	3,953 	+1	307,264	+162	1,753	1	16,268	205	3,273,345	170,151	19,237,881 	Africa
95	Réunion	01-03-2022	302,162	+10,036	666 	+26	289,069	+14,884	12,427	41	333,541	735	1,463,269	1,615,226	905,922 	Africa
96	North Macedonia	01-03-2022	297,738	+476	9,027 	+17	285,280	+524	3,431		142,921	4,333	1,893,409	908,881	2,083,232 	Europe
97	Albania	01-03-2022	271,702	+139	3,472 	+3	266,019	+431	2,211	13	94,585	1,209	1,745,320	607,580	2,872,578 	Europe
98	Algeria	01-03-2022	265,010	+74	6,840 	+5	177,583	+70	80,587	11	5,868	151	230,861	5,111	45,165,210 	Africa
99	Botswana	01-03-2022	263,950	 	2,619 		259,434		1,897	1	108,603	1,078	2,026,898	833,971	2,430,419 	Africa
100	Nigeria	01-03-2022	254,570	+10	3,142 		249,090	+11	2,338	11	1,186	15	4,442,964	20,702	214,615,295 	Africa
101	Hong Kong	01-03-2022	238,377	+32,597	990 	+246	13,232		224,155	16	31,374	130	36,260,319	4,772,364	7,597,978 	Asia
102	Zimbabwe	01-03-2022	236,871	+491	5,395 		226,732	+338	4,744	12	15,561	354	2,085,373	136,997	15,222,085 	Africa
103	Uzbekistan	01-03-2022	236,501	+96	1,636 	+1	233,096	+178	1,769	23	6,900	48	1,377,915	40,202	34,274,404 	Asia
104	Montenegro	01-03-2022	 230,363	+156	2,682 	+2	226,282	+267	1,399	60	366,704	4,269	1,171,290	1,864,524	628,198 	Europe
105	Mozambique	01-03-2022	225,063	+16	2,192 		219,638	+208	3,233	13	6,881	67	1,270,558	38,846	32,707,793 	Africa
106	Kyrgyzstan	01-03-2022	200,527	+27	2,958 	+1	195,274	+113	2,295	131	29,917	441	1,907,195	284,535	6,702,855 	Asia
107	Luxembourg	01-03-2022	183,802	+625	992 	+1	173,728	 +10	9,082	6	285,903	1,543	4,072,228	6,334,332	642,882 	Europe
108	Afghanistan	01-03-2022	173,879	+121	7,609 	+6	156,612	+156	9,658	1,124	4,306	188	891,635	22,079	40,382,946 	Asia
 109	Maldives	01-03-2022	170,655	+463	297 		155,433	+569	14,925	25	306,743	534	2,189,837	3,936,113	556,345 	Asia
110	Uganda	01-03-2022	163,275	+9	3,588 		100,011	+16	59,676	35	3,392	75	2,463,197	51,171	 48,136,346 	Africa
111	Ghana	01-03-2022	159,891	+217	1,442 		157,782	+159	667	1	4,973	45	2,321,483	72,210	32,149,212 	Africa
112	Namibia	01-03-2022	157,225		4,007 		 152,694		524	2	60,072	1,531	955,455	365,057	2,617,274 	Africa
113	El Salvador	01-03-2022	156,364		4,074 	+3	132,410		19,880	153	23,907	623	1,758,939	268,928	6,540,555 	North America
114	Laos	01-03-2022	142,967	+224	623 	+2	7,660		134,684		19,188	84	1,000,342	134,259	7,450,815 	Asia
115	Iceland	01-03-2022	133,211	+3,367	65 	+3	75,685		57,461	3	386,207	188	1,759,036	5,099,823	 344,921 	Europe
116	Cambodia	01-03-2022	130,589	+313	3,032 		124,177	+405	3,380		7,635	177	2,859,086	167,168	17,103,074 	Asia
117	Rwanda	01-03-2022	129,516	+14	1,457 		45,522		82,537	1	9,605	108	4,856,625	360,154	13,484,844 	Africa
118	Trinidad and Tobago	01-03-2022	128,145	+378	3,632 	+4	102,736	+422	21,777	18	91,076	2,581	634,632	451,049	1,407,014 	North America
119	Jamaica	01-03-2022	128,053	+67	2,814 	+1	76,987		48,252	25	42,933	943	852,560	285,842	2,982,631 	North America
120	Guadeloupe	01-03-2022	126,642		837 		2,250		123,555	19	316,417	2,091	938,039	 2,343,703	400,238 	North America
121	Cameroon	01-03-2022	119,240		1,923 		117,089		228	13	4,314	70	1,751,774	63,374	27,642,044 	Africa
122	New Zealand	01-03-2022	118,812	+17,991	56 		18,613	+281	100,143		23,752	11	6,728,049	1,345,045	5,002,100 	Australia/Oceania
123	Martinique	01-03-2022	115,951	+3,050	895 	+19	104		114,952	10	309,383	2,388	707,420	1,887,551	374,782 	North America
124	China	01-03-2022	109,526	+200	4,636 		102,017	+81	2,873	19	76	3	160,000,000	111,163	1,439,323,776 	Asia
125	Angola	01-03-2022	98,746	+5	1,900 		96,680		166		2,857	55	1,429,452	41,360	34,561,599 	Africa
126	DRC	01-03-2022	86,039	+21	1,335 		50,930		33,774		915	14	846,704	 9,000	94,076,736 	Africa
127	Senegal	01-03-2022	85,699	+6	1,960 		83,651	+20	88	4	4,904	112	1,015,779	58,125	17,475,830 	Africa
128	Malawi	01-03-2022	85,347	+8	2,615 	 	75,878	+278	6,854	67	4,278	131	547,521	27,445	19,949,936 	Africa
129	Ivory Coast	01-03-2022	81,483		793 		79,892		798		2,967	29	1,417,847	51,630	27,461,880 	Africa
130	Suriname	01-03-2022	78,216	+93	1,317 	+1	49,357	+2	27,542	3	131,376	2,212	228,796	384,299	595,360 	South America
131	French Guiana	01-03-2022	77,733	+81	391 		11,254		66,088	6	249,525	1,255	595,251	1,910,771	311,524 	South America
132	Malta	01-03-2022	71,361	+86	605 		69,630	+64	1,126	3	160,906	1,364	1,211,456	2,731,605	443,496 	Europe
133	Eswatini	01-03-2022	69,191	+31	1,390  		67,690	+15	111	11	58,631	1,178	478,281	405,285	1,180,109 	Africa
134	Brunei 	01-03-2022	67,762	+4,220	127 	+2	36,213	+2,701	31,422		152,468	286	712,994	1,604,274	444,434 	Asia
135	French Polynesia	01-03-2022	67,651	+952	641 	+2	N/A	N/A	N/A	7	238,540	2,260			283,605 	Australia/Oceania
136	Fiji	01-03-2022	63,930		834 		61,908		1,188		70,467	 919	497,039	547,863	907,232 	Australia/Oceania
137	Madagascar	01-03-2022	63,659		1,366 		58,677		3,616	61	2,205	47	398,434	13,800	28,871,890 	Africa
138	Guyana	01-03-2022	62,946	+25	1,220 		61,267	+48	459	9	79,392	1,539	540,308	681,471	792,855 	South America
139	Sudan	01-03-2022	61,488	+30	3,909 	+1	40,329		17,250		1,350	86	562,941	12,359	45,547,830 	Africa
140	Mauritania	01-03-2022	58,638	+5	979 		57,611	+7	48	30	12,084	202	747,186	153,983	4,852,386 	Africa
141	Belize	01-03-2022	56,773	+79	650 		54,853	+112	1,270	6	138,603	 1,587	502,962	1,227,911	409,608 	North America
142	Cabo Verde	01-03-2022	55,887	+1	401 		55,415	+1	71	23	98,738	708	400,982	708,432	566,013 	Africa
143	Barbados	01-03-2022	55,385	+220	316 		53,424	+560	1,645		192,336	1,097	586,840	2,037,929	287,959 	North America
144	New Caledonia	01-03-2022	54,856	+679	300 	+1	47,531	+1,058	7,025	38	189,123	1,034	98,964	341,190	290,055 	Australia/Oceania
145	Syria	01-03-2022	54,575		3,075 		47,133		4,367		2,998	169	146,269	8,034	18,205,938 	Asia
146	Channel Islands	01-03-2022	52,285	+1,283	144 	+1	49,045	+941	3,096	 	296,192	816	1,209,938	6,854,241	176,524 	Europe
147	Gabon	01-03-2022	47,543		303 		46,561		679	1	20,556	131	1,571,354	679,397	2,312,864 	Africa
148	Papua New Guinea	01-03-2022	41,290	 	638 		39,344		1,308	7	4,474	69	249,149	26,998	9,228,286 	Australia/Oceania
149	Seychelles	01-03-2022	39,403	+67	163 		38,923	+192	317		396,576	1,641			99,358 	Africa
150	Curaçao	01-03-2022	38,960	+16	261 		38,413	+27	286	3	235,825	1,580	492,475	2,980,957	165,207 	North America
151	Andorra	01-03-2022	38,165	+166	151 		37,449	+314	565	14	492,642	1,949	249,838	3,224,965	77,470 	Europe
152	Burundi	01-03-2022	38,127	+25	38 		773		37,316		3,056	3	345,742	27,708	12,478,086 	Africa
153	Togo	01-03-2022	36,806	 +8	272 		36,410		124		4,279	32	691,047	80,348	8,600,631 	Africa
154	Mayotte	01-03-2022	36,662		187 		2,964		33,511		129,212	659	176,919	623,536	283,735 	Africa
155	Guinea	01-03-2022	36,397		440 		32,939		3,018	49	2,652	32	587,607	42,817	13,723,646 	Africa
156	Faeroe Islands	01-03-2022	34,237		28 		7,693		26,516	5	696,284	569	778,000	15,822,334	49,171 	Europe
157	Aruba	01-03-2022	33,684		211 		33,418		55	6	313,284	1,962	177,885	1,654,452	107,519 	North America
158	Tanzania	01-03-2022	33,620		798 	 	N/A	N/A	N/A	7	537	13			62,556,076 	Africa
159	Bahamas	01-03-2022	33,146	+11	771 		26,229	+8	6,146	9	82,972	1,930	220,353	551,595	399,483 	North America
160	Lesotho	01-03-2022	32,612		696 		23,343		8,573		15,025	321	398,053	183,397	2,170,448 	Africa
161	Mauritius	01-03-2022	31,731		786 		27,594		3,351		24,882	616	358,675	281,254	1,275,273 	Africa
162	Mali	01-03-2022	30,383	+2	722 		29,518	+20	143		1,432	34	622,629	29,344	21,218,200 	Africa
163	Haiti	01-03-2022	30,342		820 		 25,219		4,303		2,608	70	132,422	11,383	11,633,302 	North America
164	Benin	01-03-2022	26,567		163 		25,506		898	5	2,100	13	604,310	47,772	12,649,921 	Africa
165	Somalia	01-03-2022	26,351	+38	1,348 		13,182		11,821		1,585	81	400,466	24,083	16,628,649 	Africa
166	Congo	01-03-2022	24,020		378 		20,178		3,464		4,182	66	347,815	60,559	5,743,406 	 Africa
167	Isle of Man	01-03-2022	22,969	+125	79 		22,384	+49	506		267,766	921	150,753	1,757,438	85,780 	Europe
168	Saint Lucia	01-03-2022	22,712	+18	358 		22,246	+66	108	4	122,754	1,935	135,918	734,609	185,021 	North America
169	Timor-Leste	01-03-2022	22,693		128 		22,140		425	9	16,685	94	248,770	182,903	1,360,118 	Asia
170	Burkina Faso	01-03-2022	20,751		375 		20,309		67		950	17	248,995	11,394	21,853,976 	Africa
171	Taiwan	01-03-2022	20,533	+44	853 		18,440	+54	1,240		860	36	11,618,609	486,371	23,888,366 	Asia
172	Cayman Islands	01-03-2022	19,373		17 		8,553		10,803	2	289,136	254	222,773	3,324,821	67,003 	North America
173	Nicaragua	01-03-2022	18,105	+101	221 	+1	4,225		 13,659		2,680	33			6,755,407 	North America
174	Tajikistan	01-03-2022	17,388		124 		17,263		1		1,758	13			9,893,075 	Asia
175	South Sudan	01-03-2022	 16,978	+5	137 		13,271		3,570	1	1,488	12	340,487	29,837	11,411,610 	Africa
176	Equatorial Guinea	01-03-2022	15,884		182 		15,664		38	5	10,737	123	273,437	184,828	1,479,410 	Africa
177	Djibouti	01-03-2022	15,547		189 		15,352		6		15,365	187	285,412	282,069	1,011,850 	Africa
178	Gibraltar	01-03-2022	15,488	+60	101 		14,886	+54	501	10	459,939	2,999	515,557	15,310,239	33,674 	Europe
179	San Marino	01-03-2022	14,369		112 		13,994		263	4	422,009	3,289	136,485	4,008,488	34,049 	Europe
180	CAR	01-03-2022	14,225	 	113 		6,859		7,253	2	2,863	23	81,294	16,360	4,969,139 	Africa
181	Grenada	01-03-2022	13,690		216 		13,336		138	4	120,735	1,905	136,411	1,203,036	113,389 	North America
182	Bhutan	01-03-2022	13,137	+435	6 		8,677	+386	4,454		16,720	8	1,991,060	2,534,074	785,715 	Asia
183	Liechtenstein	01-03-2022	12,014	+13	78 		11,593	+108	343	4	313,600	2,036	80,413	2,099,008	38,310 	Europe
184	Gambia	01-03-2022	11,939		365 		11,559		15	4	4,720	144	137,657	54,426	2,529,273 	Africa
185	Yemen	01-03-2022	11,771		2,135 		8,693		943	23	381	69	265,253	8,580	30,915,893 	Asia
186	Greenland	01-03-2022	11,747	+32	19 	+1	2,761		8,967	7	206,327	334	164,926	2,896,793	56,934 	North America
187	Bermuda	01-03-2022	11,561		123 		11,271		167		186,781	1,987	800,448	12,932,144	61,896 	North America
188	Dominica	01-03-2022	11,108		57 		10,712		339		153,674	789	167,204	2,313,186	72,283 	North America
189	Saint Martin	01-03-2022	9,877		63 		1,399		8,415	7	248,415	1,585	78,366	1,970,976	39,760 	North America
190	Eritrea	01-03-2022	9,704	+3	103 	 	9,597	+3	4		2,675	28	23,693	6,531	3,627,902 	Africa
191	Sint Maarten	01-03-2022	9,569	+8	85 		9,433	+3	51	10	219,050	1,946	62,056	1,420,566	43,684 	North America
192	Monaco	01-03-2022	9,445	+34	51 		9,227	+37	167	4	237,885	1,285	54,960	1,384,243	39,704 	Europe
193	Niger	01-03-2022	8,756	+2	307 		8,433	+1	16	1	341	12	229,113	8,929	25,659,226 	Africa
194	Comoros	01-03-2022	8,033		160 		7,855		18		8,922	178			900,338 	Africa
195	Guinea-Bissau	01-03-2022	8,022	+21	167 		7,002	+24	853	6	3,922	82	124,040	60,650	2,045,169 	Africa
196	Sierra Leone	01-03-2022	7,665		125 		N/A	N/A	N/A		930	15	259,958	31,525	8,246,168 	Africa
197	Caribbean Netherlands	01-03-2022	7,593	+18	31 		7,545	+63	17		285,151	1,164	30,126	1,131,365	26,628 	North America
198	Antigua and Barbuda	01-03-2022	7,447	+10	135 		7,276	+23	36	1	75,014	1,360	18,901	190,390	99,275 	North America
199	Liberia	01-03-2022	7,384		294 		5,747		1,343	2	1,405	56	139,824	26,608	5,254,900 	Africa
200	Solomon Islands	01-03-2022	7,258	+209	106 	 +7	1,761	+4	5,391	2	10,153	148	5,117	7,158	714,828 	Australia/Oceania
201	Chad	01-03-2022	7,255		190 		4,874		2,191		422	11	191,341	11,120	17,207,576 	Africa
202	St. Vincent Grenadines	01-03-2022	6,740		106 		6,604		30		60,435	950	98,236	880,843	111,525 	North America
203	British Virgin Islands	01-03-2022	6,085		62 		N/A	N/A	N/A	6	199,084	2,028	99,936	3,269,622	30,565 	North America
204	Sao Tome and Principe	01-03-2022	5,934		72 		5,853	+1	9		26,267	319	29,036	128,527	225,913 	Africa
205	Turks and Caicos	01-03-2022	5,867		36 	 	5,787		44	4	148,205	909	419,792	10,604,289	39,587 	North America
206	Saint Kitts and Nevis	01-03-2022	5,530		42 		5,483	+3	5	1	102,742	780	65,141	1,210,259	53,824 	North America
207	Palau	01-03-2022	3,781		6 		3,140		635	5	207,326	329	36,979	2,027,691	18,237 	Australia/Oceania
208	St. Barth	01-03-2022	3,758		6 		N/A	N/A	N/A		378,564	604	56,491	 5,690,642	9,927 	North America
209	Kiribati	01-03-2022	2,940	+13	11 		2,169	+118	760	4	24,002	90			122,491 	Australia/Oceania
210	Anguilla	01-03-2022	2,555		9 		2,528		18	4	167,816	591	51,382	3,374,844	15,225 	North America
211	Saint Pierre Miquelon	01-03-2022	1,087	+17	1 		1,065	+16	21	1	189,142	174	17,358	3,020,358	5,747 	North America
212	Diamond Princess	01-03-2022	712		13 		699		0						 	
213	Wallis and Futuna	01-03-2022	454		7 		438		9		41,606	641	20,508	1,879,399	10,912 	Australia/Oceania
214	Tonga	01-03-2022	355		 		177		178		3,297				107,684 	Australia/Oceania
215	Montserrat	01-03-2022	164		2 		161	 	1		32,820	400	8,359	1,672,804	4,997 	North America
216	Falkland Islands	01-03-2022	109		 		N/A	N/A	N/A		29,879		8,632	2,366,228	3,648 	South America
217	Macao	01-03-2022	81		 		79		2		122		5,318	8,009	664,029 	Asia
218	Cook Islands	01-03-2022	53	+11	 		4		49		3,013		2,050	116,537	17,591 	Australia/Oceania
219	Samoa	01-03-2022	33		 		3		30		165				200,603 	Australia/Oceania
220	Vatican City	01-03-2022	29		 		28		1	 	36,070				804 	Europe
221	Vanuatu	01-03-2022	18		1 		6		11		56	3	23,000	72,088	319,053 	Australia/Oceania
222	Western Sahara	01-03-2022	10	 	1 		8		1		16	2			621,703 	Africa
223	MS Zaandam	01-03-2022	9		2 		7		0						 	
224	Marshall Islands	01-03-2022	7		 		7		0		117				59,853 	Australia/Oceania
225	Saint Helena	01-03-2022	2		 		2		0		327				6,107 	Africa
226	Micronesia	01-03-2022	1		 		1		0		9				117,025 	Australia/Oceania
